Date,Ticker,ML_Forecast_Return
2015-01-31,TLT,0.01716632788158465
2015-01-31,DBC,0.015446692427319553
2015-01-31,EEM,0.016749393130689905
2015-01-31,IEV,0.015892885814458614
2015-01-31,GLD,0.018610810510841937
2015-01-31,VNQ,0.016314042770384923
2015-01-31,SHY,0.01083271627065729
2015-01-31,IEF,0.013385720624685123
2015-01-31,HYG,0.013608068686479246
2015-01-31,EFA,0.015179151617083749
2015-01-31,SPY,0.015785077160620588
2015-01-31,SLV,0.023228479427343206
2015-02-28,IEV,0.01690307784716032
2015-02-28,TLT,0.016666963410987876
2015-02-28,GLD,0.0170263724676523
2015-02-28,IEF,0.013574856250593558
2015-02-28,SLV,0.021392647136674874
2015-02-28,VNQ,0.016445414285770947
2015-02-28,SPY,0.015918595224617256
2015-02-28,EEM,0.01704507425946894
2015-02-28,HYG,0.01370463252571548
2015-02-28,SHY,0.011360744111706376
2015-02-28,EFA,0.01609396124381187
2015-02-28,DBC,0.017060492569924743
2015-03-31,EEM,0.017025152158189984
2015-03-31,GLD,0.016080710995636474
2015-03-31,TLT,0.016538949110661238
2015-03-31,IEV,0.01689691647937611
2015-03-31,DBC,0.01690105865688761
2015-03-31,EFA,0.016095572712795797
2015-03-31,SPY,0.015462275969940757
2015-03-31,SLV,0.0198664650621264
2015-03-31,SHY,0.01113109085610312
2015-03-31,HYG,0.012757870015202741
2015-03-31,VNQ,0.016904648936548486
2015-03-31,IEF,0.01337607967438261
2015-04-30,EFA,0.014754893101318833
2015-04-30,HYG,0.012003632125961925
2015-04-30,IEV,0.015230564842048749
2015-04-30,TLT,0.015196850631032485
2015-04-30,IEF,0.012533916821669239
2015-04-30,EEM,0.015825069109234362
2015-04-30,SPY,0.013831709523845194
2015-04-30,DBC,0.015982465096480238
2015-04-30,SLV,0.01800184900372975
2015-04-30,SHY,0.010816561103035105
2015-04-30,GLD,0.015094877326871318
2015-04-30,VNQ,0.01612317251687581
2015-05-31,GLD,0.014167043256144478
2015-05-31,IEF,0.011812982090387962
2015-05-31,TLT,0.014694970400196308
2015-05-31,SLV,0.01676846716755133
2015-05-31,IEV,0.014661584389050755
2015-05-31,HYG,0.011376399840391934
2015-05-31,SHY,0.010159075141876332
2015-05-31,EEM,0.014904023784139145
2015-05-31,EFA,0.014256768060424738
2015-05-31,DBC,0.014976614265596634
2015-05-31,VNQ,0.015053452611106063
2015-05-31,SPY,0.013266462138838229
2015-06-30,SPY,0.01170783864353344
2015-06-30,EEM,0.013015268366451517
2015-06-30,TLT,0.013602599392029933
2015-06-30,GLD,0.012300505187235036
2015-06-30,SLV,0.014571446652408442
2015-06-30,SHY,0.009047255355358849
2015-06-30,VNQ,0.012910330645103257
2015-06-30,IEF,0.010783837955945895
2015-06-30,DBC,0.012951762258288818
2015-06-30,EFA,0.012955029619549684
2015-06-30,IEV,0.013453058774220488
2015-06-30,HYG,0.010120086039548386
2015-07-31,SPY,0.010968440047721243
2015-07-31,VNQ,0.011502385880138917
2015-07-31,EFA,0.01275749423802957
2015-07-31,IEV,0.013435837452510544
2015-07-31,EEM,0.012881951209891464
2015-07-31,SLV,0.012733132899470591
2015-07-31,HYG,0.009216408740339039
2015-07-31,DBC,0.012182443652700293
2015-07-31,IEF,0.009774339694526624
2015-07-31,SHY,0.007958274462359536
2015-07-31,TLT,0.012604024006415967
2015-07-31,GLD,0.010655184114879791
2015-08-31,GLD,0.010940031564955514
2015-08-31,DBC,0.012879920870114487
2015-08-31,VNQ,0.01253884988279734
2015-08-31,SLV,0.013161055259750008
2015-08-31,EFA,0.012934871187378134
2015-08-31,SHY,0.007895207640074366
2015-08-31,IEF,0.009433830373580487
2015-08-31,TLT,0.012097822163204455
2015-08-31,EEM,0.014409778943450777
2015-08-31,SPY,0.012685207945557438
2015-08-31,HYG,0.00916133867057917
2015-08-31,IEV,0.01303630463874175
2015-09-30,GLD,0.010892597025937053
2015-09-30,TLT,0.011475076496194751
2015-09-30,EFA,0.013210745146060427
2015-09-30,SPY,0.01314055672614848
2015-09-30,VNQ,0.012420551395550115
2015-09-30,SLV,0.013151821001577345
2015-09-30,SHY,0.007655684264591927
2015-09-30,HYG,0.009012153735768177
2015-09-30,IEV,0.013078042546402834
2015-09-30,DBC,0.012533828535763191
2015-09-30,EEM,0.014685484504460914
2015-09-30,IEF,0.009031018723028274
2015-10-31,VNQ,0.012627908218425299
2015-10-31,IEF,0.008708447316895847
2015-10-31,EEM,0.014073801970452918
2015-10-31,SPY,0.013134526939874373
2015-10-31,SLV,0.013741700531006918
2015-10-31,HYG,0.008868098269925039
2015-10-31,SHY,0.007361446155579743
2015-10-31,TLT,0.010980491796152536
2015-10-31,EFA,0.012633415297777695
2015-10-31,DBC,0.011809866877432726
2015-10-31,IEV,0.012287799042415181
2015-10-31,GLD,0.010658608948803034
2015-11-30,TLT,0.009561052324551168
2015-11-30,SLV,0.009696205558828695
2015-11-30,SHY,0.006955165968234501
2015-11-30,EFA,0.009659474019448624
2015-11-30,IEF,0.007978715755659364
2015-11-30,DBC,0.008081487351578048
2015-11-30,VNQ,0.010627368163741588
2015-11-30,HYG,0.007629735374800561
2015-11-30,IEV,0.009735807249196513
2015-11-30,SPY,0.01011962363688325
2015-11-30,EEM,0.010084415540068534
2015-11-30,GLD,0.008578329960652624
2015-12-31,DBC,0.006397524296829344
2015-12-31,SPY,0.009608342783542223
2015-12-31,SLV,0.008879712665761031
2015-12-31,EFA,0.008511594114224325
2015-12-31,HYG,0.007690823034032729
2015-12-31,TLT,0.009691609323795066
2015-12-31,IEV,0.00844716702983989
2015-12-31,SHY,0.006812705282528739
2015-12-31,IEF,0.00797762266946775
2015-12-31,VNQ,0.011163562681764784
2015-12-31,EEM,0.00836772462512151
2015-12-31,GLD,0.008191526803983008
2016-01-31,DBC,0.009149107835256342
2016-01-31,HYG,0.00872504238991881
2016-01-31,VNQ,0.011091408372385472
2016-01-31,IEF,0.008823293243399716
2016-01-31,EFA,0.009584957796065224
2016-01-31,IEV,0.009540667434947322
2016-01-31,TLT,0.010412016016378936
2016-01-31,SPY,0.010197395935452014
2016-01-31,SLV,0.010927616720735365
2016-01-31,EEM,0.010288915854296407
2016-01-31,GLD,0.010480737955857258
2016-01-31,SHY,0.007665583563812652
2016-02-29,VNQ,0.012742402591077225
2016-02-29,TLT,0.011660394281740784
2016-02-29,SLV,0.013363350610577394
2016-02-29,IEF,0.009799087232142024
2016-02-29,EFA,0.012513292787365453
2016-02-29,SHY,0.008674586480896893
2016-02-29,GLD,0.012596547333767015
2016-02-29,DBC,0.01230448790958091
2016-02-29,EEM,0.013580338352966223
2016-02-29,SPY,0.012545982905203392
2016-02-29,IEV,0.012640517554088923
2016-02-29,HYG,0.010793851872849775
2016-03-31,SHY,0.008925462262505623
2016-03-31,IEF,0.009994446736721998
2016-03-31,SLV,0.01410637795894679
2016-03-31,DBC,0.013622877360896103
2016-03-31,VNQ,0.013511781418767235
2016-03-31,HYG,0.011213609203122598
2016-03-31,SPY,0.013036074961557762
2016-03-31,TLT,0.011795172556609085
2016-03-31,EEM,0.014979365093227991
2016-03-31,IEV,0.013854614496720263
2016-03-31,GLD,0.013306912656784603
2016-03-31,EFA,0.013691535185149185
2016-04-30,VNQ,0.013310513641533723
2016-04-30,HYG,0.01131649810317279
2016-04-30,SPY,0.012447052072475406
2016-04-30,GLD,0.014137377723721412
2016-04-30,EEM,0.01437496375302066
2016-04-30,EFA,0.01350703599450693
2016-04-30,DBC,0.01358125499529784
2016-04-30,IEF,0.010370731370473838
2016-04-30,TLT,0.012060906485414875
2016-04-30,SLV,0.015156902648013133
2016-04-30,SHY,0.009276091807484774
2016-04-30,IEV,0.013533858322011061
2016-05-31,VNQ,0.01328170841916445
2016-05-31,SLV,0.015617094069107933
2016-05-31,HYG,0.011231222804970145
2016-05-31,SHY,0.00970914201546496
2016-05-31,EEM,0.01423831795996144
2016-05-31,GLD,0.013634373752547422
2016-05-31,TLT,0.012131141447176329
2016-05-31,IEV,0.013472170796740894
2016-05-31,DBC,0.014037880022528931
2016-05-31,IEF,0.010705057320107951
2016-05-31,SPY,0.01206751268245064
2016-05-31,EFA,0.013403768752803316
2016-06-30,HYG,0.012109521808976828
2016-06-30,IEF,0.011495558037771095
2016-06-30,TLT,0.013300095893676792
2016-06-30,VNQ,0.013619159150980798
2016-06-30,SPY,0.01350196061022656
2016-06-30,DBC,0.014674094032852088
2016-06-30,EFA,0.016558377776614223
2016-06-30,SHY,0.010204645650843329
2016-06-30,EEM,0.0160614531830262
2016-06-30,SLV,0.01638837162648129
2016-06-30,GLD,0.014802250977805534
2016-06-30,IEV,0.017845636986413595
2016-07-31,IEV,0.01803661425684595
2016-07-31,VNQ,0.013371480276689378
2016-07-31,TLT,0.01344696367184052
2016-07-31,HYG,0.01213209720753284
2016-07-31,DBC,0.014838330854042507
2016-07-31,SPY,0.013424455017585726
2016-07-31,SHY,0.010181086653608954
2016-07-31,GLD,0.014724974608375529
2016-07-31,EEM,0.01580625741787798
2016-07-31,EFA,0.01657667770312223
2016-07-31,IEF,0.011463400049817584
2016-07-31,SLV,0.016924087263641523
2016-08-31,TLT,0.013073470623076221
2016-08-31,GLD,0.013741958415243744
2016-08-31,IEF,0.011098988087092776
2016-08-31,VNQ,0.012492789792062602
2016-08-31,EEM,0.014954481152411304
2016-08-31,SLV,0.016077112588774065
2016-08-31,SPY,0.012718394093442567
2016-08-31,HYG,0.011755438709964146
2016-08-31,SHY,0.009952542063714475
2016-08-31,EFA,0.015681983646084516
2016-08-31,DBC,0.01413976238217935
2016-08-31,IEV,0.017043376851292265
2016-09-30,DBC,0.012786283846887486
2016-09-30,HYG,0.010737970880728843
2016-09-30,GLD,0.01193926602727776
2016-09-30,EFA,0.012099730056110154
2016-09-30,EEM,0.01325638393150335
2016-09-30,SPY,0.011488315177268284
2016-09-30,SHY,0.00952004966128431
2016-09-30,TLT,0.011977361978233294
2016-09-30,SLV,0.014606897917290418
2016-09-30,IEF,0.010324308262001989
2016-09-30,IEV,0.012282878467632357
2016-09-30,VNQ,0.012727885940942004
2016-10-31,IEV,0.011418827867727119
2016-10-31,EEM,0.012655379980145924
2016-10-31,SHY,0.008904593885605034
2016-10-31,EFA,0.011210425064236876
2016-10-31,HYG,0.009946514893245053
2016-10-31,TLT,0.011009603966047117
2016-10-31,VNQ,0.012413542289443469
2016-10-31,SPY,0.010801415183304252
2016-10-31,GLD,0.011166008238149821
2016-10-31,IEF,0.00957436367289535
2016-10-31,DBC,0.011850255331814972
2016-10-31,SLV,0.013615829148164818
2016-11-30,HYG,0.010453319926210895
2016-11-30,EEM,0.013326577716301954
2016-11-30,TLT,0.011686060485073719
2016-11-30,SHY,0.008909243542287764
2016-11-30,SLV,0.013955300403029919
2016-11-30,SPY,0.011125847050740994
2016-11-30,EFA,0.01130822834756108
2016-11-30,VNQ,0.012930829645530701
2016-11-30,IEF,0.009837427576164839
2016-11-30,GLD,0.011531425729066808
2016-11-30,IEV,0.011596150931202608
2016-11-30,DBC,0.012280057304081148
2016-12-31,EFA,0.011357886106268
2016-12-31,EEM,0.013401859767297781
2016-12-31,SHY,0.009473716455976595
2016-12-31,HYG,0.01088349698832632
2016-12-31,TLT,0.012218785600186988
2016-12-31,SLV,0.01416595525039472
2016-12-31,SPY,0.011159074345744188
2016-12-31,VNQ,0.013000556060465537
2016-12-31,IEF,0.010483720996111742
2016-12-31,IEV,0.011748589754109102
2016-12-31,GLD,0.011896072402064185
2016-12-31,DBC,0.01253644846698041
2017-01-31,SLV,0.01471319850992689
2017-01-31,EFA,0.011835701864970677
2017-01-31,GLD,0.01263975309723645
2017-01-31,SHY,0.010003082986187758
2017-01-31,TLT,0.012891016519633184
2017-01-31,EEM,0.013704121269661178
2017-01-31,HYG,0.011291418832644564
2017-01-31,VNQ,0.013074954557856892
2017-01-31,SPY,0.011547746250038956
2017-01-31,IEF,0.011124909699756809
2017-01-31,DBC,0.013076079583872436
2017-01-31,IEV,0.012158819177477227
2017-02-28,GLD,0.01233867870577307
2017-02-28,SLV,0.013727583599585222
2017-02-28,EEM,0.012747591984067757
2017-02-28,HYG,0.010950396824209814
2017-02-28,SPY,0.011522417419017562
2017-02-28,IEF,0.011278694841805001
2017-02-28,IEV,0.011986437238999321
2017-02-28,VNQ,0.012796248554159794
2017-02-28,SHY,0.010440062270810601
2017-02-28,TLT,0.012406570778778802
2017-02-28,EFA,0.011811166291460076
2017-02-28,DBC,0.012368845519877452
2017-03-31,GLD,0.012499881478057548
2017-03-31,HYG,0.011528186831966615
2017-03-31,SHY,0.010865792776720678
2017-03-31,DBC,0.012593899964376438
2017-03-31,VNQ,0.012620646934250792
2017-03-31,TLT,0.012616549793302047
2017-03-31,EEM,0.012813358432807368
2017-03-31,IEF,0.011615225456159632
2017-03-31,SPY,0.011853705952460738
2017-03-31,SLV,0.01358260954247732
2017-03-31,IEV,0.012118735751728326
2017-03-31,EFA,0.011958481856400862
2017-04-30,GLD,0.012468419659259688
2017-04-30,EFA,0.012341038396831407
2017-04-30,HYG,0.011745546362820727
2017-04-30,SLV,0.013476387952577853
2017-04-30,SHY,0.011153760426988903
2017-04-30,SPY,0.012103662327236173
2017-04-30,TLT,0.012577521290714381
2017-04-30,VNQ,0.012630654480062996
2017-04-30,EEM,0.012931350700404297
2017-04-30,DBC,0.012559346860010513
2017-04-30,IEF,0.011757830381279031
2017-04-30,IEV,0.01266812533501179
2017-05-31,SLV,0.013649934995455262
2017-05-31,SPY,0.012447843629713967
2017-05-31,IEV,0.013059643206319298
2017-05-31,TLT,0.012686485333786603
2017-05-31,GLD,0.012840345044640461
2017-05-31,EEM,0.013268231339692682
2017-05-31,HYG,0.012125523231073142
2017-05-31,VNQ,0.012910842065951814
2017-05-31,DBC,0.013259926113998595
2017-05-31,IEF,0.01205812652319779
2017-05-31,SHY,0.01156908989242947
2017-05-31,EFA,0.012715003954008573
2017-06-30,GLD,0.01305887338592441
2017-06-30,EEM,0.01338806962211811
2017-06-30,IEV,0.013335307572609194
2017-06-30,HYG,0.01228492131644816
2017-06-30,SHY,0.011936379987563672
2017-06-30,DBC,0.013599206078155924
2017-06-30,EFA,0.01305062264937387
2017-06-30,TLT,0.012957197192072006
2017-06-30,IEF,0.012347878935425717
2017-06-30,VNQ,0.013004259175798224
2017-06-30,SPY,0.01276893203291001
2017-06-30,SLV,0.013668627023936631
2017-07-31,TLT,0.013184190164609142
2017-07-31,SLV,0.01393876665977815
2017-07-31,GLD,0.013250101397615515
2017-07-31,IEF,0.012637147122126675
2017-07-31,SPY,0.013001247623828234
2017-07-31,EEM,0.01359594144299927
2017-07-31,SHY,0.012283390171905691
2017-07-31,VNQ,0.013366458845434411
2017-07-31,IEV,0.01322445404743049
2017-07-31,HYG,0.012597682312441353
2017-07-31,EFA,0.01311206961063477
2017-07-31,DBC,0.013795131638553153
2017-08-31,IEF,0.012756987556819668
2017-08-31,SLV,0.014267559567713351
2017-08-31,SHY,0.012457199660779206
2017-08-31,GLD,0.01337544505566513
2017-08-31,IEV,0.013267611874078707
2017-08-31,SPY,0.01318889831790352
2017-08-31,DBC,0.013853376859098623
2017-08-31,TLT,0.013272297016946773
2017-08-31,VNQ,0.013532667865541175
2017-08-31,EFA,0.013200985345608084
2017-08-31,HYG,0.012811918632613675
2017-08-31,EEM,0.013650990182531847
2017-09-30,DBC,0.013681679126396352
2017-09-30,SPY,0.013129578602820845
2017-09-30,IEF,0.012840606149749823
2017-09-30,SHY,0.012518924742323485
2017-09-30,SLV,0.014236880818279597
2017-09-30,HYG,0.012783962135878778
2017-09-30,VNQ,0.013423745999478178
2017-09-30,EFA,0.013152128102702757
2017-09-30,TLT,0.013367993998109591
2017-09-30,GLD,0.013474543898620326
2017-09-30,EEM,0.013622773469961234
2017-09-30,IEV,0.01321917554271648
2017-10-31,GLD,0.01368343675482388
2017-10-31,SHY,0.012839711298164394
2017-10-31,HYG,0.013042132697224153
2017-10-31,SLV,0.014220700629078948
2017-10-31,DBC,0.013815871990046035
2017-10-31,EFA,0.01337746931722921
2017-10-31,EEM,0.013836457542214898
2017-10-31,VNQ,0.013562639026055421
2017-10-31,SPY,0.01338350380480876
2017-10-31,IEF,0.013096783242657303
2017-10-31,TLT,0.013531998419922982
2017-10-31,IEV,0.013440821002927707
2017-11-30,DBC,0.014033224227201336
2017-11-30,SPY,0.013639101797056115
2017-11-30,TLT,0.013899235122907496
2017-11-30,HYG,0.013488690439196246
2017-11-30,IEF,0.013501803786330441
2017-11-30,EEM,0.014157948795661918
2017-11-30,EFA,0.013692778256813299
2017-11-30,VNQ,0.013839790546032047
2017-11-30,SHY,0.013305254011786019
2017-11-30,SLV,0.014411779503268635
2017-11-30,IEV,0.01374445303296575
2017-11-30,GLD,0.013962996240582845
2017-12-31,SPY,0.013374338479069756
2017-12-31,VNQ,0.013640984967716504
2017-12-31,SLV,0.014224267612815167
2017-12-31,SHY,0.012953077998412872
2017-12-31,IEF,0.013177839554742674
2017-12-31,GLD,0.013629546177989027
2017-12-31,IEV,0.01345452729728779
2017-12-31,TLT,0.013710574392670037
2017-12-31,HYG,0.013166421690466308
2017-12-31,EEM,0.013926172539033138
2017-12-31,EFA,0.01341490320470578
2017-12-31,DBC,0.01383995996715029
2018-01-31,EEM,0.013741741070280302
2018-01-31,VNQ,0.013575827876961868
2018-01-31,SLV,0.01402684508845395
2018-01-31,TLT,0.013413879915835359
2018-01-31,IEV,0.013212346255236991
2018-01-31,GLD,0.013324605458858397
2018-01-31,DBC,0.013462004423578148
2018-01-31,HYG,0.012775288917946439
2018-01-31,SPY,0.01311796646094713
2018-01-31,EFA,0.013168300627038967
2018-01-31,IEF,0.012748649833975494
2018-01-31,SHY,0.01246730917291466
2018-02-28,GLD,0.012880275719264127
2018-02-28,HYG,0.012294871258964602
2018-02-28,DBC,0.013064762845287537
2018-02-28,SLV,0.013667291476927862
2018-02-28,SHY,0.011820489205963949
2018-02-28,EEM,0.014257074676812352
2018-02-28,EFA,0.013514233623156801
2018-02-28,TLT,0.01297194467014371
2018-02-28,SPY,0.013649936307718349
2018-02-28,VNQ,0.013737790733762658
2018-02-28,IEF,0.012213656560730347
2018-02-28,IEV,0.013571047927058363
2018-03-31,HYG,0.012442244793958862
2018-03-31,EEM,0.014464871197629467
2018-03-31,SPY,0.013975287674929907
2018-03-31,IEV,0.013684777306286913
2018-03-31,SLV,0.013643313027806041
2018-03-31,GLD,0.01297010160383089
2018-03-31,EFA,0.01363984825427026
2018-03-31,TLT,0.012885636396771401
2018-03-31,IEF,0.012289842562225876
2018-03-31,VNQ,0.01378181085729721
2018-03-31,SHY,0.011917877600396327
2018-03-31,DBC,0.013051692883096355
2018-04-30,EFA,0.013447716149949784
2018-04-30,EEM,0.01422530948636958
2018-04-30,SPY,0.013910561937635029
2018-04-30,SHY,0.011897090835174432
2018-04-30,TLT,0.012743095785588455
2018-04-30,GLD,0.012870066772362956
2018-04-30,DBC,0.01303701899618382
2018-04-30,IEV,0.013499230110913215
2018-04-30,HYG,0.012375259332327693
2018-04-30,SLV,0.013511934905063631
2018-04-30,VNQ,0.013509234068033634
2018-04-30,IEF,0.012230897922717903
2018-05-31,DBC,0.012810573803593225
2018-05-31,SLV,0.013155188229465861
2018-05-31,TLT,0.012660370724919144
2018-05-31,HYG,0.012103266225252885
2018-05-31,GLD,0.012629754105240538
2018-05-31,SHY,0.01182872023703819
2018-05-31,VNQ,0.012978502678378585
2018-05-31,SPY,0.013242766249894632
2018-05-31,EEM,0.013503269558963296
2018-05-31,IEF,0.012151920859022525
2018-05-31,IEV,0.01291011877372017
2018-05-31,EFA,0.012770003533383414
2018-06-30,SPY,0.012583531003011322
2018-06-30,VNQ,0.012633175208806118
2018-06-30,TLT,0.012442478580094092
2018-06-30,IEF,0.011963502571430801
2018-06-30,GLD,0.012278371517102843
2018-06-30,IEV,0.012638668849470255
2018-06-30,HYG,0.011839289769558019
2018-06-30,EFA,0.012472777426558952
2018-06-30,SHY,0.011643267133056292
2018-06-30,DBC,0.01273029136187359
2018-06-30,SLV,0.012956996169610852
2018-06-30,EEM,0.013026069063554784
2018-07-31,EEM,0.012952723865993833
2018-07-31,SPY,0.012218699743873346
2018-07-31,IEF,0.011820784239163235
2018-07-31,DBC,0.012784350748912984
2018-07-31,SHY,0.011514089937544682
2018-07-31,TLT,0.01228929715380375
2018-07-31,VNQ,0.012449780770681644
2018-07-31,HYG,0.011680879993617686
2018-07-31,SLV,0.012708582982348133
2018-07-31,IEV,0.012551536889168142
2018-07-31,GLD,0.012142492268649345
2018-07-31,EFA,0.012396480436283932
2018-08-31,SHY,0.01082842970349482
2018-08-31,SLV,0.012454643701558127
2018-08-31,IEF,0.011061800108353635
2018-08-31,TLT,0.011488780946086062
2018-08-31,EEM,0.01251850000249352
2018-08-31,IEV,0.011992239995477291
2018-08-31,VNQ,0.011819555846746039
2018-08-31,EFA,0.011835769377527732
2018-08-31,HYG,0.010987370378743436
2018-08-31,GLD,0.011715223910999242
2018-08-31,DBC,0.012278617804294492
2018-08-31,SPY,0.011518167989585229
2018-09-30,IEF,0.010560383162086316
2018-09-30,VNQ,0.011398415800109895
2018-09-30,SPY,0.010946930165076968
2018-09-30,EFA,0.011322091808717235
2018-09-30,SLV,0.011943396776166524
2018-09-30,SHY,0.010304900872168146
2018-09-30,EEM,0.012072623063812774
2018-09-30,TLT,0.011016062879838159
2018-09-30,GLD,0.011195993598026269
2018-09-30,IEV,0.011461654811633484
2018-09-30,HYG,0.010438412648899017
2018-09-30,DBC,0.011633466725024596
2018-10-31,EFA,0.011124937269989948
2018-10-31,EEM,0.012036362984699163
2018-10-31,TLT,0.010540070411501441
2018-10-31,SHY,0.00967335587637119
2018-10-31,HYG,0.009971490091957325
2018-10-31,IEF,0.010004959232948916
2018-10-31,GLD,0.010763971519582183
2018-10-31,DBC,0.011102959894384467
2018-10-31,SLV,0.0114487078995121
2018-10-31,VNQ,0.011267748884448906
2018-10-31,IEV,0.01120342298299526
2018-10-31,SPY,0.011182037206545389
2018-11-30,SPY,0.011817700132680143
2018-11-30,IEF,0.01037139317611844
2018-11-30,DBC,0.011650359454894092
2018-11-30,TLT,0.010873146506121959
2018-11-30,EFA,0.01152347784253732
2018-11-30,VNQ,0.01158637977128
2018-11-30,SHY,0.010049653421436874
2018-11-30,HYG,0.010484418855611301
2018-11-30,IEV,0.011580024877123906
2018-11-30,GLD,0.010946371673857761
2018-11-30,SLV,0.011501763519701879
2018-11-30,EEM,0.012460552076394342
2018-12-31,EFA,0.012062433576508855
2018-12-31,SHY,0.010493454465482775
2018-12-31,SPY,0.012706740833714548
2018-12-31,TLT,0.011241168832651686
2018-12-31,SLV,0.01184102577917868
2018-12-31,EEM,0.012831728615881128
2018-12-31,VNQ,0.01238448969371984
2018-12-31,GLD,0.01133083061901021
2018-12-31,DBC,0.012068336368237868
2018-12-31,HYG,0.011089274988043801
2018-12-31,IEF,0.010767808586968871
2018-12-31,IEV,0.012083944171231162
2019-01-31,HYG,0.011606131545497951
2019-01-31,VNQ,0.012934125087415486
2019-01-31,IEV,0.012613521529427109
2019-01-31,EEM,0.013173938150584747
2019-01-31,SPY,0.01338732081414282
2019-01-31,EFA,0.012599069347146708
2019-01-31,IEF,0.011131243386347196
2019-01-31,GLD,0.011634464351769621
2019-01-31,DBC,0.012755924690391676
2019-01-31,TLT,0.01165590446097066
2019-01-31,SLV,0.012274552132881932
2019-01-31,SHY,0.010737616542160752
2019-02-28,GLD,0.01182164781877694
2019-02-28,HYG,0.011623060753639527
2019-02-28,VNQ,0.013075484820176538
2019-02-28,SHY,0.01079301398214989
2019-02-28,IEV,0.012589437773839661
2019-02-28,SPY,0.01332251941206782
2019-02-28,IEF,0.01124549288889032
2019-02-28,DBC,0.012588278874770313
2019-02-28,TLT,0.011823064398088846
2019-02-28,SLV,0.01239683142770885
2019-02-28,EFA,0.012581030255679918
2019-02-28,EEM,0.012964955333227248
2019-03-31,SHY,0.010887878590765674
2019-03-31,IEV,0.012181445305262885
2019-03-31,TLT,0.01178490123513091
2019-03-31,SLV,0.012479156901420827
2019-03-31,EEM,0.012706340461681148
2019-03-31,GLD,0.01189739465196224
2019-03-31,EFA,0.012126641758736099
2019-03-31,DBC,0.0120129210121209
2019-03-31,HYG,0.011368164932554367
2019-03-31,VNQ,0.011924723266078565
2019-03-31,SPY,0.012286320891622961
2019-03-31,IEF,0.011300348128684136
2019-04-30,DBC,0.012006735667680768
2019-04-30,HYG,0.01141568134512342
2019-04-30,SPY,0.012009518427341317
2019-04-30,IEV,0.012119920914189558
2019-04-30,IEF,0.011551678676503013
2019-04-30,TLT,0.012026985949418272
2019-04-30,SHY,0.011212444065965149
2019-04-30,VNQ,0.012227678255905351
2019-04-30,EFA,0.012038367509545197
2019-04-30,EEM,0.012508815830515971
2019-04-30,SLV,0.012505092147453491
2019-04-30,GLD,0.012070408889171446
2019-05-31,IEF,0.01177381096671428
2019-05-31,IEV,0.012466541460922256
2019-05-31,DBC,0.012409839972820767
2019-05-31,SHY,0.011467798380102874
2019-05-31,VNQ,0.012466200815174454
2019-05-31,SLV,0.012507342947283348
2019-05-31,EFA,0.012406179899299546
2019-05-31,EEM,0.012851162507254446
2019-05-31,TLT,0.012167273795283996
2019-05-31,HYG,0.011740556767271527
2019-05-31,GLD,0.012152891269290481
2019-05-31,SPY,0.01242841099104363
2019-06-30,IEV,0.012941850096489856
2019-06-30,SLV,0.013012885098395146
2019-06-30,GLD,0.012850832172454078
2019-06-30,IEF,0.012498524862325004
2019-06-30,DBC,0.013104543601421475
2019-06-30,TLT,0.012758435024058445
2019-06-30,VNQ,0.013073957158094649
2019-06-30,EFA,0.01292719798497269
2019-06-30,HYG,0.012543738835462866
2019-06-30,SHY,0.012309907175714197
2019-06-30,EEM,0.013200390367935284
2019-06-30,SPY,0.012956200542341915
2019-07-31,SPY,0.013075182118389402
2019-07-31,VNQ,0.013125035606893229
2019-07-31,EFA,0.013040660469683071
2019-07-31,GLD,0.013143487056491678
2019-07-31,EEM,0.013216945898539261
2019-07-31,SHY,0.012540448673791702
2019-07-31,HYG,0.012726254517486449
2019-07-31,IEF,0.012694544748356299
2019-07-31,TLT,0.012943269398570984
2019-07-31,SLV,0.013214736508787534
2019-07-31,DBC,0.013241720800906694
2019-07-31,IEV,0.013075398046251692
2019-08-31,SLV,0.013583347110559989
2019-08-31,VNQ,0.013388593512059292
2019-08-31,TLT,0.013368598239836693
2019-08-31,IEF,0.013068846248103574
2019-08-31,DBC,0.013438913850553732
2019-08-31,SPY,0.013459906990359491
2019-08-31,GLD,0.013461978891015365
2019-08-31,HYG,0.013056320458142782
2019-08-31,EFA,0.013346537438723067
2019-08-31,SHY,0.01290985751981681
2019-08-31,IEV,0.013359010258729688
2019-08-31,EEM,0.013528100584279345
2019-09-30,VNQ,0.013356407300754068
2019-09-30,TLT,0.0134769059792949
2019-09-30,DBC,0.013539201085735933
2019-09-30,SHY,0.012983531221082586
2019-09-30,SPY,0.013468012950921206
2019-09-30,SLV,0.01395371252100676
2019-09-30,GLD,0.013475104448207731
2019-09-30,EEM,0.013489628775303507
2019-09-30,IEV,0.013364831295128906
2019-09-30,HYG,0.013092019529189149
2019-09-30,EFA,0.013350747153630186
2019-09-30,IEF,0.013152763782372666
2019-10-31,SHY,0.01319191152498978
2019-10-31,SPY,0.01370735413708709
2019-10-31,EEM,0.013670885240636548
2019-10-31,IEV,0.013654874961028404
2019-10-31,GLD,0.01363218437329586
2019-10-31,EFA,0.013602365242114386
2019-10-31,SLV,0.014197739639050858
2019-10-31,IEF,0.013380892506966766
2019-10-31,DBC,0.01373033828729175
2019-10-31,HYG,0.013295318313626545
2019-10-31,VNQ,0.013541757206936135
2019-10-31,TLT,0.013741915067964341
2019-11-30,VNQ,0.013583604343100839
2019-11-30,SPY,0.0135555121068679
2019-11-30,IEF,0.013455218693293821
2019-11-30,SHY,0.013311160933336473
2019-11-30,TLT,0.013702052363633154
2019-11-30,SLV,0.01398493793429648
2019-11-30,EEM,0.013616568885354865
2019-11-30,EFA,0.013557259380386063
2019-11-30,HYG,0.013370709583057512
2019-11-30,GLD,0.013610638156916837
2019-11-30,IEV,0.01359500006193026
2019-11-30,DBC,0.01372357354992359
2019-12-31,IEV,0.013342259474326058
2019-12-31,HYG,0.013155821323937906
2019-12-31,VNQ,0.013388132805821153
2019-12-31,SPY,0.013300978365117191
2019-12-31,SHY,0.013098056381978264
2019-12-31,GLD,0.013338438822458507
2019-12-31,DBC,0.013383357382833961
2019-12-31,SLV,0.013560058794788705
2019-12-31,EFA,0.013317111912867056
2019-12-31,EEM,0.01339946410848769
2019-12-31,TLT,0.013453979639963918
2019-12-31,IEF,0.013235946230773033
2020-01-31,GLD,0.01205429045875317
2020-01-31,SHY,0.01142850976367641
2020-01-31,HYG,0.011639605316931104
2020-01-31,EEM,0.012546607982489568
2020-01-31,SPY,0.01202416183127975
2020-01-31,DBC,0.012244718893399125
2020-01-31,IEV,0.012084599376578324
2020-01-31,EFA,0.012075322264197932
2020-01-31,TLT,0.012325796978010792
2020-01-31,SLV,0.012711223104974054
2020-01-31,VNQ,0.012255514892530392
2020-01-31,IEF,0.011771147036148013
2020-02-29,SPY,0.01187286757866579
2020-02-29,HYG,0.010950951441262681
2020-02-29,SLV,0.01239291529931381
2020-02-29,SHY,0.010592710191872478
2020-02-29,TLT,0.011617881501110223
2020-02-29,DBC,0.011657173621341242
2020-02-29,VNQ,0.011968008392778324
2020-02-29,IEF,0.01098565622852549
2020-02-29,IEV,0.011828059438193884
2020-02-29,EFA,0.011747059821071552
2020-02-29,GLD,0.0115441583442597
2020-02-29,EEM,0.012147608460010884
2020-03-31,IEV,0.014428416388941727
2020-03-31,HYG,0.012434748703869148
2020-03-31,EEM,0.014531397807263258
2020-03-31,TLT,0.013167927823829004
2020-03-31,VNQ,0.015317723146308899
2020-03-31,SLV,0.013783099422593297
2020-03-31,DBC,0.0125529861371275
2020-03-31,SHY,0.010629557368324142
2020-03-31,SPY,0.014519790642231472
2020-03-31,EFA,0.014141391327295062
2020-03-31,GLD,0.012281907813371708
2020-03-31,IEF,0.011381101241973082
2020-04-30,SPY,0.023176241966472035
2020-04-30,GLD,0.015371535769445391
2020-04-30,IEV,0.022328803863131193
2020-04-30,HYG,0.020463390576349584
2020-04-30,TLT,0.013451834211925931
2020-04-30,VNQ,0.030856096818400625
2020-04-30,DBC,0.019627812343998026
2020-04-30,SHY,0.00634990316011924
2020-04-30,EEM,0.0224444286281325
2020-04-30,IEF,0.008248474364579157
2020-04-30,EFA,0.021641126855177988
2020-04-30,SLV,0.019956989266025845
2020-05-31,IEF,0.010387252471842806
2020-05-31,TLT,0.026750977920896625
2020-05-31,SLV,0.03375848677897653
2020-05-31,EFA,0.03958561866346761
2020-05-31,GLD,0.018785673601892178
2020-05-31,DBC,0.02817685801873146
2020-05-31,VNQ,0.054047400294369684
2020-05-31,EEM,0.04265048435602755
2020-05-31,HYG,0.024442000367198125
2020-05-31,SHY,0.004215602458267462
2020-05-31,SPY,0.0405784795350481
2020-05-31,IEV,0.04201819229651099
2020-06-30,SHY,0.001033128048713175
2020-06-30,GLD,0.015666242482405716
2020-06-30,EFA,0.028062519650729565
2020-06-30,SPY,0.029361319709476644
2020-06-30,IEF,0.004884488141820971
2020-06-30,VNQ,0.04372589594797859
2020-06-30,DBC,0.02363326328543504
2020-06-30,HYG,0.020037949180426447
2020-06-30,SLV,0.02667604981650299
2020-06-30,EEM,0.028860079494940225
2020-06-30,TLT,0.015522156829227534
2020-06-30,IEV,0.03012956807034417
2020-07-31,IEV,0.025953209551955174
2020-07-31,SHY,0.0007292303923023052
2020-07-31,HYG,0.010689158028643942
2020-07-31,DBC,0.018400029541398195
2020-07-31,EEM,0.025428415072821307
2020-07-31,GLD,0.012534212047489548
2020-07-31,TLT,0.013247371612436462
2020-07-31,EFA,0.024029634275141768
2020-07-31,IEF,0.0040542382811055155
2020-07-31,SLV,0.03705724341027475
2020-07-31,SPY,0.021968673608257286
2020-07-31,VNQ,0.03343128373342835
2020-08-31,DBC,0.015501995314232488
2020-08-31,EEM,0.021266018733455568
2020-08-31,VNQ,0.025452841609835002
2020-08-31,SPY,0.017851415207752443
2020-08-31,TLT,0.01206745080177743
2020-08-31,GLD,0.018114444039173005
2020-08-31,HYG,0.009182441743021498
2020-08-31,IEV,0.021441302541718745
2020-08-31,EFA,0.019497410765801422
2020-08-31,SLV,0.052720661855655444
2020-08-31,SHY,0.0007133302763901697
2020-08-31,IEF,0.00340022042411591
2020-09-30,TLT,0.010127912898813618
2020-09-30,HYG,0.007077073480291417
2020-09-30,EEM,0.016630346774995752
2020-09-30,SPY,0.015713050183753234
2020-09-30,IEV,0.017909981882638475
2020-09-30,GLD,0.018039777375773145
2020-09-30,DBC,0.016231026722286032
2020-09-30,VNQ,0.020855729085982187
2020-09-30,SHY,0.0014656625217059393
2020-09-30,SLV,0.05451307956855787
2020-09-30,EFA,0.016040057977681606
2020-09-30,IEF,0.0033842258860070557
2020-10-31,IEF,0.004105892088780787
2020-10-31,SPY,0.019194039793947126
2020-10-31,EEM,0.016997450813040715
2020-10-31,SHY,0.0015818083324253007
2020-10-31,HYG,0.007529812227666558
2020-10-31,SLV,0.048246317309212014
2020-10-31,VNQ,0.022541359341017947
2020-10-31,EFA,0.017100379398061437
2020-10-31,GLD,0.0180787089644934
2020-10-31,IEV,0.020649780540060378
2020-10-31,TLT,0.011144292370522765
2020-10-31,DBC,0.01863315649221453
2020-11-30,IEF,0.004955341389993028
2020-11-30,SHY,0.0017769852875300625
2020-11-30,EEM,0.017172077808138963
2020-11-30,SLV,0.036473845927181385
2020-11-30,IEV,0.022470860923407984
2020-11-30,VNQ,0.024804297906267925
2020-11-30,SPY,0.019574715483221053
2020-11-30,HYG,0.00804738920948727
2020-11-30,TLT,0.012471232942169504
2020-11-30,GLD,0.015625589605348843
2020-11-30,EFA,0.019314040690870983
2020-11-30,DBC,0.01947526234378808
2020-12-31,SPY,0.015742503273525277
2020-12-31,VNQ,0.02123188384794455
2020-12-31,SLV,0.031228735585888276
2020-12-31,GLD,0.015872502412058988
2020-12-31,EFA,0.01819083063926581
2020-12-31,DBC,0.016053072414689607
2020-12-31,IEF,0.004778782539352922
2020-12-31,IEV,0.02097391529388095
2020-12-31,HYG,0.006720350296125012
2020-12-31,SHY,0.0016424456932619615
2020-12-31,TLT,0.012274391735143058
2020-12-31,EEM,0.01653001709428814
2021-01-31,SLV,0.03273986820847172
2021-01-31,IEV,0.019022843549530884
2021-01-31,EFA,0.017431465579781646
2021-01-31,GLD,0.018076873447911354
2021-01-31,HYG,0.006020344390433894
2021-01-31,VNQ,0.020940346532432923
2021-01-31,SHY,0.0018211162648231326
2021-01-31,TLT,0.013809341943262027
2021-01-31,DBC,0.014495146283516091
2021-01-31,EEM,0.01752570680568239
2021-01-31,SPY,0.014074623355159773
2021-01-31,IEF,0.005410268544733801
2021-02-28,TLT,0.0162394119914678
2021-02-28,DBC,0.013548503330173127
2021-02-28,SHY,0.0024582057703746336
2021-02-28,IEF,0.007001911671461503
2021-02-28,VNQ,0.017582481206281822
2021-02-28,GLD,0.017887140541832422
2021-02-28,IEV,0.014324024933046462
2021-02-28,SLV,0.03519714332424459
2021-02-28,EFA,0.012836047330561613
2021-02-28,EEM,0.017178786619583164
2021-02-28,SPY,0.011344146367055004
2021-02-28,HYG,0.005285199634724613
2021-03-31,IEV,0.011666920457538718
2021-03-31,EFA,0.01115008554438878
2021-03-31,DBC,0.01885106568370923
2021-03-31,GLD,0.017481225654538586
2021-03-31,SHY,0.0028507073644776742
2021-03-31,TLT,0.01843521207246012
2021-03-31,IEF,0.008402314076950898
2021-03-31,VNQ,0.013228419678420617
2021-03-31,EEM,0.01998494683136788
2021-03-31,SLV,0.03270934106974366
2021-03-31,SPY,0.011832427678462614
2021-03-31,HYG,0.0055582764778507755
2021-04-30,IEF,0.008394912449573605
2021-04-30,SLV,0.022685025224086854
2021-04-30,HYG,0.006565672372593124
2021-04-30,TLT,0.017789973939764826
2021-04-30,VNQ,0.013389532349180104
2021-04-30,EEM,0.019865415827786292
2021-04-30,SHY,0.0028902578013409626
2021-04-30,EFA,0.012370854329907678
2021-04-30,GLD,0.016698178019542195
2021-04-30,IEV,0.012531288183566788
2021-04-30,DBC,0.019432873519268295
2021-04-30,SPY,0.013259273782856011
2021-05-31,HYG,0.006089515776201751
2021-05-31,IEF,0.007305783501938368
2021-05-31,IEV,0.014029469890683242
2021-05-31,EEM,0.019185827429491837
2021-05-31,SHY,0.0029128183925678027
2021-05-31,EFA,0.013665990591856242
2021-05-31,VNQ,0.01480134756747371
2021-05-31,TLT,0.014649564547209906
2021-05-31,GLD,0.013919070325855393
2021-05-31,SPY,0.013073378480945431
2021-05-31,SLV,0.023096151376463418
2021-05-31,DBC,0.020928211617767038
2021-06-30,SPY,0.010809644827514007
2021-06-30,EEM,0.014483206930804036
2021-06-30,EFA,0.013232781325111777
2021-06-30,HYG,0.004863516568202969
2021-06-30,TLT,0.014238136950362263
2021-06-30,IEV,0.01390592813684674
2021-06-30,SLV,0.022688719595313052
2021-06-30,DBC,0.014050458916492998
2021-06-30,VNQ,0.013887197291691179
2021-06-30,GLD,0.015966830426284977
2021-06-30,IEF,0.007297954911831255
2021-06-30,SHY,0.0033505902223450843
2021-07-31,IEV,0.013283364365106352
2021-07-31,GLD,0.01576076842540238
2021-07-31,DBC,0.01683227493339086
2021-07-31,IEF,0.007941259755893652
2021-07-31,SHY,0.0034548121060979705
2021-07-31,EFA,0.012703023231958975
2021-07-31,EEM,0.017691215849766045
2021-07-31,TLT,0.016234555569317494
2021-07-31,SLV,0.02350019365659877
2021-07-31,VNQ,0.014022236663018554
2021-07-31,SPY,0.010913853343807971
2021-07-31,HYG,0.005461783851021087
2021-08-31,EFA,0.01203350091771545
2021-08-31,VNQ,0.01209905017161029
2021-08-31,IEV,0.012668820703757725
2021-08-31,SPY,0.009791616820537391
2021-08-31,EEM,0.017035490392822067
2021-08-31,IEF,0.007896700922182167
2021-08-31,HYG,0.005190508022399856
2021-08-31,SHY,0.0033850666419379333
2021-08-31,TLT,0.015933011351440554
2021-08-31,SLV,0.02492420959410839
2021-08-31,DBC,0.019696898650513175
2021-08-31,GLD,0.016165214614062454
2021-09-30,VNQ,0.013335164765986772
2021-09-30,SPY,0.011223498868565213
2021-09-30,TLT,0.01634540901665832
2021-09-30,HYG,0.005205905899589492
2021-09-30,EFA,0.012821042806083656
2021-09-30,IEF,0.007916215158774241
2021-09-30,EEM,0.018357085195206978
2021-09-30,SLV,0.026540739199777015
2021-09-30,DBC,0.017772472362570034
2021-09-30,SHY,0.003149471003154655
2021-09-30,IEV,0.01347921764021983
2021-09-30,GLD,0.015912255130664885
2021-10-31,HYG,0.005443786233812988
2021-10-31,IEV,0.012117041730472325
2021-10-31,VNQ,0.012689181884875174
2021-10-31,SLV,0.02667028372431784
2021-10-31,SHY,0.003388938262011653
2021-10-31,SPY,0.011181914628370145
2021-10-31,TLT,0.015859282934086623
2021-10-31,EFA,0.01162923828932378
2021-10-31,GLD,0.01654458019945564
2021-10-31,DBC,0.01602593369486355
2021-10-31,IEF,0.007552299312041542
2021-10-31,EEM,0.016994219917529304
2021-11-30,HYG,0.006250213535890649
2021-11-30,SHY,0.0036147693654463493
2021-11-30,IEF,0.00881307806294303
2021-11-30,VNQ,0.014622302193516394
2021-11-30,EFA,0.01371139627091937
2021-11-30,DBC,0.020002471221375752
2021-11-30,IEV,0.014286218747949617
2021-11-30,EEM,0.01707638354907306
2021-11-30,GLD,0.015298771821742961
2021-11-30,TLT,0.018269297068099474
2021-11-30,SLV,0.02397620230603865
2021-11-30,SPY,0.013195274532490057
2021-12-31,VNQ,0.015479850540441908
2021-12-31,IEF,0.008449627559646445
2021-12-31,SPY,0.014126140707684016
2021-12-31,TLT,0.01785067293415783
2021-12-31,GLD,0.013509950794706838
2021-12-31,EFA,0.013633807714112196
2021-12-31,SLV,0.021418170678003234
2021-12-31,DBC,0.020204558926993143
2021-12-31,SHY,0.003483886693401538
2021-12-31,EEM,0.01670953128094803
2021-12-31,IEV,0.014270247277806304
2021-12-31,HYG,0.00661405021882671
2022-01-31,GLD,0.013813740249432275
2022-01-31,SHY,0.003191403936586788
2022-01-31,SPY,0.017256584332998044
2022-01-31,EEM,0.01919518371319418
2022-01-31,IEF,0.008675410488168476
2022-01-31,VNQ,0.018865286690131124
2022-01-31,DBC,0.019406265209980463
2022-01-31,IEV,0.015045600876226625
2022-01-31,EFA,0.014476736251658196
2022-01-31,TLT,0.018313689745904728
2022-01-31,HYG,0.0066806367336060875
2022-01-31,SLV,0.023190611819149602
2022-02-28,GLD,0.01242326934793919
2022-02-28,SPY,0.019984851283973225
2022-02-28,EEM,0.019770757198533197
2022-02-28,SLV,0.021440665450366547
2022-02-28,IEF,0.00806886949117858
2022-02-28,VNQ,0.020531815002952175
2022-02-28,EFA,0.016987668948790884
2022-02-28,DBC,0.014361389747791414
2022-02-28,SHY,0.003118776600830852
2022-02-28,HYG,0.007281434132822325
2022-02-28,IEV,0.018801654805474917
2022-02-28,TLT,0.01646292463092397
2022-03-31,SHY,0.003129262584696369
2022-03-31,EEM,0.028223800750096763
2022-03-31,SLV,0.02462417323430647
2022-03-31,HYG,0.009653083259523295
2022-03-31,IEF,0.009819167559669734
2022-03-31,TLT,0.018863522161592622
2022-03-31,SPY,0.02207759159078706
2022-03-31,EFA,0.022925184093233325
2022-03-31,DBC,0.03100972555685172
2022-03-31,GLD,0.016800870546872723
2022-03-31,IEV,0.027246480153952653
2022-03-31,VNQ,0.02057854914718317
2022-04-30,EFA,0.022360374533370544
2022-04-30,IEF,0.009914886341140948
2022-04-30,HYG,0.010508272704613941
2022-04-30,GLD,0.015808103217875145
2022-04-30,TLT,0.01858235361852137
2022-04-30,DBC,0.03094233604638625
2022-04-30,SPY,0.022639060652868942
2022-04-30,SHY,0.00324093416102881
2022-04-30,IEV,0.02627524858036008
2022-04-30,EEM,0.02613518058148572
2022-04-30,SLV,0.02221606689148225
2022-04-30,VNQ,0.020753622310578403
2022-05-31,SHY,0.003107908371002587
2022-05-31,IEV,0.024301838361410935
2022-05-31,SLV,0.023058315757620435
2022-05-31,GLD,0.015259984656760069
2022-05-31,SPY,0.024722841503892073
2022-05-31,HYG,0.011879897396164829
2022-05-31,EFA,0.02194085979259621
2022-05-31,EEM,0.02699892115281274
2022-05-31,TLT,0.018335364452412357
2022-05-31,IEF,0.009332815281454647
2022-05-31,DBC,0.03003606138410005
2022-05-31,VNQ,0.022924225971527445
2022-06-30,DBC,0.021270722536964208
2022-06-30,SHY,0.0036143996030017648
2022-06-30,EEM,0.02076109452415506
2022-06-30,IEV,0.02170465422045012
2022-06-30,SLV,0.022479699122321638
2022-06-30,VNQ,0.024230995867400566
2022-06-30,SPY,0.024982533210314482
2022-06-30,EFA,0.020003997814601042
2022-06-30,HYG,0.013047690841549938
2022-06-30,IEF,0.010027067475450497
2022-06-30,GLD,0.012623168368444834
2022-06-30,TLT,0.018389971276509695
2022-07-31,GLD,0.012265854007501095
2022-07-31,IEV,0.021864495517062783
2022-07-31,EEM,0.0197333685148516
2022-07-31,EFA,0.019882561251193736
2022-07-31,SLV,0.023624609597325746
2022-07-31,TLT,0.017046913781952812
2022-07-31,SHY,0.003649138574905185
2022-07-31,VNQ,0.021767397928593578
2022-07-31,HYG,0.013072082431959352
2022-07-31,IEF,0.009813621084373836
2022-07-31,DBC,0.024291427418494636
2022-07-31,SPY,0.02280714831337188
2022-08-31,VNQ,0.018098105843224674
2022-08-31,GLD,0.011196597555726313
2022-08-31,TLT,0.015828436952797606
2022-08-31,DBC,0.021604177440129026
2022-08-31,SPY,0.018398941057923578
2022-08-31,EEM,0.015221039835137038
2022-08-31,IEV,0.018178735195746365
2022-08-31,EFA,0.016440147625907446
2022-08-31,IEF,0.009412126945320756
2022-08-31,HYG,0.012166636004911935
2022-08-31,SHY,0.0036109850870841473
2022-08-31,SLV,0.02101966138277877
2022-09-30,SPY,0.01720912250240002
2022-09-30,GLD,0.01100768386369579
2022-09-30,SHY,0.003329936451951152
2022-09-30,IEV,0.01791126540689359
2022-09-30,EEM,0.014064644111152647
2022-09-30,IEF,0.009546874787668143
2022-09-30,DBC,0.019301561550553993
2022-09-30,SLV,0.023268465023490576
2022-09-30,TLT,0.016540557569529064
2022-09-30,HYG,0.01102988430427938
2022-09-30,EFA,0.016430889299474376
2022-09-30,VNQ,0.017489352799712518
2022-10-31,DBC,0.0190415731891311
2022-10-31,SHY,0.0032991571491083503
2022-10-31,TLT,0.016718476886824728
2022-10-31,EFA,0.01892411546512887
2022-10-31,IEV,0.021116888038451444
2022-10-31,EEM,0.01758906796001003
2022-10-31,HYG,0.012346427941517135
2022-10-31,GLD,0.012332836267850566
2022-10-31,SLV,0.027968163624105563
2022-10-31,SPY,0.020250780470217424
2022-10-31,VNQ,0.021676749827275202
2022-10-31,IEF,0.00949431256640444
2022-11-30,GLD,0.015363110906702412
2022-11-30,EEM,0.022691096727056367
2022-11-30,DBC,0.02063784203318085
2022-11-30,SPY,0.02359278920475407
2022-11-30,TLT,0.018923753192307324
2022-11-30,IEF,0.01071859734890167
2022-11-30,SHY,0.003588221840110515
2022-11-30,IEV,0.0253346503025648
2022-11-30,VNQ,0.02679390167799417
2022-11-30,EFA,0.02313832504891758
2022-11-30,SLV,0.03265909587401447
2022-11-30,HYG,0.013867697406729693
2022-12-31,IEV,0.02082392989968316
2022-12-31,DBC,0.017158687491055345
2022-12-31,SHY,0.0035823320266087054
2022-12-31,VNQ,0.023840253240228287
2022-12-31,SLV,0.028340453344134486
2022-12-31,IEF,0.00954132901886786
2022-12-31,HYG,0.012042474377544129
2022-12-31,SPY,0.02072295195410316
2022-12-31,EEM,0.020430797464734335
2022-12-31,EFA,0.019341679147298632
2022-12-31,GLD,0.014641449179296414
2022-12-31,TLT,0.018785741238236252
2023-01-31,IEV,0.018319471099835
2023-01-31,DBC,0.017681263266003555
2023-01-31,SHY,0.003763671758314908
2023-01-31,VNQ,0.022217917631416888
2023-01-31,GLD,0.014340413231054975
2023-01-31,TLT,0.019244357654513135
2023-01-31,EEM,0.018683669695758152
2023-01-31,SLV,0.027180154525500447
2023-01-31,IEF,0.010075566263111388
2023-01-31,SPY,0.018612191016209645
2023-01-31,EFA,0.017662519451104593
2023-01-31,HYG,0.011286690164226123
2023-02-28,HYG,0.009989707449982833
2023-02-28,IEF,0.009390988114817065
2023-02-28,DBC,0.015711944989902527
2023-02-28,SHY,0.003700283822133811
2023-02-28,SPY,0.015100570865245425
2023-02-28,VNQ,0.017879214269663535
2023-02-28,GLD,0.013258916541809142
2023-02-28,EEM,0.01487110675083077
2023-02-28,SLV,0.02329255176519668
2023-02-28,EFA,0.01290828027076154
2023-02-28,IEV,0.01352617997524818
2023-02-28,TLT,0.017718011046905752
2023-03-31,EEM,0.014500278769271402
2023-03-31,IEF,0.01065220607612884
2023-03-31,SHY,0.005137927487732306
2023-03-31,IEV,0.015410968121136459
2023-03-31,HYG,0.009643000336727551
2023-03-31,TLT,0.01697302660396775
2023-03-31,GLD,0.01485023841854881
2023-03-31,SLV,0.023393790712536028
2023-03-31,SPY,0.01520745907769692
2023-03-31,EFA,0.01400520993793901
2023-03-31,VNQ,0.020591771147753582
2023-03-31,DBC,0.014855439354794176
2023-04-30,IEF,0.010251724866704394
2023-04-30,VNQ,0.01855759382183573
2023-04-30,SLV,0.022614468743616674
2023-04-30,SHY,0.005198226007858454
2023-04-30,DBC,0.01394037118725144
2023-04-30,SPY,0.013869254205151092
2023-04-30,TLT,0.01572481214045085
2023-04-30,EFA,0.013298922756408081
2023-04-30,EEM,0.013701309220303144
2023-04-30,IEV,0.014955138590214719
2023-04-30,GLD,0.014675807079528142
2023-04-30,HYG,0.008953609800311338
2023-05-31,SPY,0.013204431908168961
2023-05-31,SLV,0.022780127017119383
2023-05-31,EFA,0.013245266232858773
2023-05-31,IEV,0.014879804326337712
2023-05-31,IEF,0.010398385114790226
2023-05-31,HYG,0.0077549714849923556
2023-05-31,SHY,0.00532730938375036
2023-05-31,GLD,0.014608199248677355
2023-05-31,VNQ,0.01844665637418777
2023-05-31,TLT,0.01572266501438034
2023-05-31,DBC,0.0148102992046348
2023-05-31,EEM,0.013324866149657234
2023-06-30,GLD,0.01141072672956212
2023-06-30,EFA,0.011607912338902657
2023-06-30,SPY,0.011178626766543107
2023-06-30,SHY,0.00417722996654135
2023-06-30,VNQ,0.0153576355067465
2023-06-30,IEF,0.008749116894088112
2023-06-30,EEM,0.013291972557096268
2023-06-30,DBC,0.015245043884059117
2023-06-30,IEV,0.011779295371650431
2023-06-30,HYG,0.00666763492665835
2023-06-30,TLT,0.014136031962528519
2023-06-30,SLV,0.019102898416148838
2023-07-31,DBC,0.014392113875452875
2023-07-31,GLD,0.01042084486841878
2023-07-31,EFA,0.011972449783060921
2023-07-31,TLT,0.011978444830835688
2023-07-31,SPY,0.009815901478605902
2023-07-31,SHY,0.003657670306230174
2023-07-31,HYG,0.0069468404630158055
2023-07-31,VNQ,0.014245363640757774
2023-07-31,SLV,0.021761930550574647
2023-07-31,IEV,0.012317839254483367
2023-07-31,IEF,0.007938247890631439
2023-07-31,EEM,0.014236331712668863
2023-08-31,HYG,0.006232037095723902
2023-08-31,SPY,0.00936720801122019
2023-08-31,SLV,0.020652176974952044
2023-08-31,EFA,0.011454694638098771
2023-08-31,GLD,0.008539076289877759
2023-08-31,IEF,0.0077162882547819915
2023-08-31,IEV,0.01185067139727109
2023-08-31,VNQ,0.01222311034902107
2023-08-31,TLT,0.013263906121608054
2023-08-31,SHY,0.002960752785678253
2023-08-31,DBC,0.011475741315591582
2023-08-31,EEM,0.013520476819702087
2023-09-30,IEV,0.011083309413056287
2023-09-30,SHY,0.0028368223517872557
2023-09-30,IEF,0.0071400577281248365
2023-09-30,SPY,0.009734783186067094
2023-09-30,EEM,0.013000234626915996
2023-09-30,EFA,0.010735931567951015
2023-09-30,SLV,0.019157443588640723
2023-09-30,VNQ,0.012467326063605783
2023-09-30,TLT,0.01343165402809339
2023-09-30,GLD,0.008351707900237757
2023-09-30,DBC,0.009215474742813104
2023-09-30,HYG,0.006102437760837078
2023-10-31,EFA,0.011382462591258535
2023-10-31,VNQ,0.015548345021970486
2023-10-31,TLT,0.01631281724900714
2023-10-31,GLD,0.010751164709747149
2023-10-31,SHY,0.0034038797546893772
2023-10-31,SPY,0.0113070386447716
2023-10-31,IEF,0.008154427994087148
2023-10-31,SLV,0.018991332871016137
2023-10-31,DBC,0.011907401621589757
2023-10-31,EEM,0.01219168530819815
2023-10-31,IEV,0.011947481864026992
2023-10-31,HYG,0.0065189355787145615
2023-11-30,TLT,0.01827401107702121
2023-11-30,EEM,0.013529487279066908
2023-11-30,DBC,0.014451392357928186
2023-11-30,GLD,0.0118768256388496
2023-11-30,SHY,0.004205578848867356
2023-11-30,HYG,0.007775248734878299
2023-11-30,SLV,0.01931307823048859
2023-11-30,IEF,0.009540202754950766
2023-11-30,EFA,0.01259983023712672
2023-11-30,IEV,0.0129130498538556
2023-11-30,VNQ,0.019539775341446186
2023-11-30,SPY,0.012182366909294928
2023-12-31,IEF,0.009940983512929259
2023-12-31,DBC,0.015122595125877446
2023-12-31,GLD,0.013270666573641706
2023-12-31,EFA,0.012192425524569624
2023-12-31,TLT,0.018302597396230278
2023-12-31,EEM,0.013691670499410837
2023-12-31,SLV,0.020588972581491997
2023-12-31,SPY,0.011518709361590723
2023-12-31,VNQ,0.019518180633599537
2023-12-31,IEV,0.012472655994527952
2023-12-31,SHY,0.0046147501043873815
2023-12-31,HYG,0.007953368995616238
2024-01-31,VNQ,0.01819542975334376
2024-01-31,EFA,0.01139850630471927
2024-01-31,IEF,0.009141576077010135
2024-01-31,DBC,0.014127138196168761
2024-01-31,SLV,0.020095652069017023
2024-01-31,EEM,0.013714048497962638
2024-01-31,HYG,0.007676755477408038
2024-01-31,SPY,0.010403137117692288
2024-01-31,IEV,0.011671593569128731
2024-01-31,GLD,0.012058154693399938
2024-01-31,TLT,0.015549479422418676
2024-01-31,SHY,0.004770049245506294
2024-02-29,VNQ,0.01645321716817683
2024-02-29,EFA,0.011161191048883906
2024-02-29,SHY,0.00479087316717867
2024-02-29,HYG,0.007448497292766161
2024-02-29,EEM,0.013567856723440979
2024-02-29,TLT,0.014934811721267087
2024-02-29,DBC,0.012521618025339914
2024-02-29,IEF,0.008875519725650156
2024-02-29,IEV,0.011655831633537495
2024-02-29,SPY,0.011025088064771597
2024-02-29,IBIT,0.03401737199976744
2024-02-29,SLV,0.019740398662970775
2024-02-29,GLD,0.011341237002700963
2024-03-31,HYG,0.0069623411242696505
2024-03-31,IEV,0.011531030687263494
2024-03-31,SPY,0.011277892152818762
2024-03-31,GLD,0.011143931482831337
2024-03-31,EEM,0.013029112340460221
2024-03-31,EFA,0.010844769981685771
2024-03-31,DBC,0.011443405166758035
2024-03-31,IBIT,0.05843280978600009
2024-03-31,VNQ,0.015581016135697885
2024-03-31,SHY,0.00472220227226848
2024-03-31,TLT,0.013410912071546358
2024-03-31,SLV,0.019604151038582644
2024-03-31,IEF,0.008398225800542204
2024-04-30,EEM,0.013030812096840236
2024-04-30,SLV,0.022485136187772675
2024-04-30,GLD,0.013531981860242856
2024-04-30,DBC,0.010803425817009174
2024-04-30,VNQ,0.016304983207216968
2024-04-30,SHY,0.005467704479413001
2024-04-30,EFA,0.011437984372758805
2024-04-30,IEV,0.01184663937161766
2024-04-30,TLT,0.012980294177781607
2024-04-30,HYG,0.007628949427400512
2024-04-30,SPY,0.012044128778051753
2024-04-30,IEF,0.00880314128250365
2024-04-30,IBIT,0.04545321817152618
2024-05-31,SPY,0.01193473055582427
2024-05-31,EFA,0.011974841426809137
2024-05-31,VNQ,0.01654061155432547
2024-05-31,IBIT,0.041838642844901505
2024-05-31,SHY,0.005590858892392195
2024-05-31,TLT,0.012832621990045652
2024-05-31,IEF,0.008836615752700935
2024-05-31,DBC,0.012156730344401151
2024-05-31,HYG,0.007867655850377124
2024-05-31,IEV,0.012341400517228108
2024-05-31,SLV,0.027057996503346775
2024-05-31,EEM,0.012829643552755406
2024-05-31,GLD,0.014961026045173745
2024-06-30,SPY,0.01188851995203675
2024-06-30,SHY,0.006351146382791693
2024-06-30,EEM,0.013586060742024052
2024-06-30,DBC,0.012794799367311871
2024-06-30,SLV,0.02872196060194555
2024-06-30,IEV,0.013282880105478142
2024-06-30,EFA,0.01274272606196181
2024-06-30,HYG,0.008363167199468217
2024-06-30,VNQ,0.015583159375230797
2024-06-30,IEF,0.009712137604435872
2024-06-30,TLT,0.01420199485382643
2024-06-30,GLD,0.01628538012423384
2024-06-30,IBIT,0.03629420941660412
2024-07-31,GLD,0.016393972933187756
2024-07-31,SLV,0.029062832482226814
2024-07-31,IEV,0.013719397496725695
2024-07-31,HYG,0.007963045723187154
2024-07-31,EEM,0.013375754813769975
2024-07-31,IEF,0.00960857580829013
2024-07-31,TLT,0.014303148894562375
2024-07-31,SHY,0.0065012148972094725
2024-07-31,DBC,0.01387502403495965
2024-07-31,EFA,0.013117183723978194
2024-07-31,IBIT,0.0366762544103271
2024-07-31,VNQ,0.014418355863417519
2024-07-31,SPY,0.01213198497142109
2024-08-31,VNQ,0.014534111221510987
2024-08-31,SPY,0.014729150170058315
2024-08-31,IEF,0.010018913257598197
2024-08-31,EEM,0.015174298080244958
2024-08-31,IBIT,0.0449266387910094
2024-08-31,SHY,0.006737544985559896
2024-08-31,IEV,0.014668661848612687
2024-08-31,HYG,0.007925632141925733
2024-08-31,TLT,0.015216553152583153
2024-08-31,SLV,0.02649165808729809
2024-08-31,DBC,0.014387040045024852
2024-08-31,GLD,0.016070077950392017
2024-08-31,EFA,0.015112940380958355
2024-09-30,VNQ,0.014707888892841572
2024-09-30,IBIT,0.05043885162679185
2024-09-30,HYG,0.006654760815522267
2024-09-30,TLT,0.014049786135711907
2024-09-30,IEV,0.015224749051605412
2024-09-30,GLD,0.015200418812255747
2024-09-30,SLV,0.027939461891857593
2024-09-30,DBC,0.015651244650721576
2024-09-30,EEM,0.01890208980694659
2024-09-30,EFA,0.016387087598204064
2024-09-30,IEF,0.008484233162547311
2024-09-30,SHY,0.0052800193935047535
2024-09-30,SPY,0.016171688917915424
2024-10-31,IEV,0.013743784055543062
2024-10-31,SLV,0.02978156136934581
2024-10-31,IEF,0.007060523617313743
2024-10-31,SPY,0.013418830821650185
2024-10-31,SHY,0.003988536905645511
2024-10-31,TLT,0.01201085972696227
2024-10-31,EFA,0.01429542295917147
2024-10-31,DBC,0.017566614559169663
2024-10-31,HYG,0.005459433788070648
2024-10-31,GLD,0.013502640050898128
2024-10-31,IBIT,0.043217841836743126
2024-10-31,VNQ,0.012904325426178084
2024-10-31,EEM,0.01837406079625447
2024-11-30,IEF,0.007317628065385714
2024-11-30,SLV,0.031219484617677304
2024-11-30,HYG,0.00483280253077001
2024-11-30,IBIT,0.050918895006019
2024-11-30,SPY,0.012289033510175624
2024-11-30,IEV,0.014210749691728412
2024-11-30,VNQ,0.014446789552212824
2024-11-30,DBC,0.017980019850170652
2024-11-30,EEM,0.018862037206389227
2024-11-30,EFA,0.014012389301287549
2024-11-30,SHY,0.0033486099515934323
2024-11-30,GLD,0.016497587788033178
2024-11-30,TLT,0.014420456434233623
2024-12-31,EFA,0.012542072241677738
2024-12-31,TLT,0.01494009030662381
2024-12-31,HYG,0.006025445019983242
2024-12-31,SPY,0.013332599471984842
2024-12-31,IEF,0.007615810047188758
2024-12-31,IBIT,0.0515078500946319
2024-12-31,SLV,0.02752980222651237
2024-12-31,IEV,0.012932725928622766
2024-12-31,EEM,0.01514940342871697
2024-12-31,DBC,0.01626214609823346
2024-12-31,GLD,0.016546598626099238
2024-12-31,VNQ,0.01682343955768993
2024-12-31,SHY,0.003551441762764366
2025-01-31,DBC,0.014313227921221385
2025-01-31,SPY,0.014176391555048542
2025-01-31,SLV,0.023570486917252248
2025-01-31,IEV,0.013944061914208801
2025-01-31,VNQ,0.018435617562728393
2025-01-31,IBIT,0.05031251722176875
2025-01-31,HYG,0.006684336455879752
2025-01-31,EEM,0.015692034399106054
2025-01-31,GLD,0.01672464809494354
2025-01-31,IEF,0.008349450696931209
2025-01-31,TLT,0.015034157983234899
2025-01-31,SHY,0.0041342035525683
2025-01-31,EFA,0.013548095806257826
2025-02-28,SLV,0.019636633552140875
2025-02-28,VNQ,0.01718244978355373
2025-02-28,HYG,0.006860068513106535
2025-02-28,TLT,0.014069262346111824
2025-02-28,IEF,0.008396616600225216
2025-02-28,IBIT,0.03971893233353671
2025-02-28,DBC,0.013475998102667003
2025-02-28,IEV,0.013595313660148057
2025-02-28,SPY,0.014137081404861012
2025-02-28,EEM,0.015189849228345672
2025-02-28,EFA,0.013099821483882123
2025-02-28,GLD,0.013629632307755848
2025-02-28,SHY,0.0044836534579917615
2025-03-31,DBC,0.013168452435255613
2025-03-31,TLT,0.013727197686241553
2025-03-31,SHY,0.004392414231789932
2025-03-31,SPY,0.016772997870177362
2025-03-31,EEM,0.017041804273951376
2025-03-31,SLV,0.020000543590426433
2025-03-31,HYG,0.006782717253796059
2025-03-31,IEF,0.0083856362977053
2025-03-31,VNQ,0.01749096423557932
2025-03-31,IEV,0.016124244957342056
2025-03-31,GLD,0.013883485438317023
2025-03-31,EFA,0.015164365909137945
2025-03-31,IBIT,0.042834231522136224
2025-04-30,TLT,0.016879578114773818
2025-04-30,IBIT,0.04781595028838701
2025-04-30,SPY,0.032155797497430416
2025-04-30,HYG,0.01098892520020428
2025-04-30,SLV,0.027250069686203915
2025-04-30,GLD,0.020503199057996243
2025-04-30,IEV,0.025919651751737542
2025-04-30,EEM,0.026028787356175004
2025-04-30,VNQ,0.024164551101619663
2025-04-30,DBC,0.019164646617405454
2025-04-30,SHY,0.004429954261385852
2025-04-30,EFA,0.02613021868025179
2025-04-30,IEF,0.009190345107810966
2025-05-31,IEV,0.026051754883089015
2025-05-31,TLT,0.01629814344275878
2025-05-31,VNQ,0.025704836422421953
2025-05-31,DBC,0.01990174371081222
2025-05-31,SLV,0.028731601075752407
2025-05-31,GLD,0.02477868413686441
2025-05-31,IEF,0.009015538219358582
2025-05-31,EFA,0.026585184939420872
2025-05-31,HYG,0.011238364824025576
2025-05-31,IBIT,0.047685337571616776
2025-05-31,EEM,0.02619955789115553
2025-05-31,SPY,0.03375217543050303
2025-05-31,SHY,0.004166983842718424
2025-06-30,DBC,0.023663590092087988
2025-06-30,IBIT,0.04091540456122606
2025-06-30,IEV,0.025790270007191925
2025-06-30,TLT,0.016968172554312634
2025-06-30,VNQ,0.024875854117571504
2025-06-30,IEF,0.00921225314066679
2025-06-30,GLD,0.026141714096900005
2025-06-30,SPY,0.03289246416602936
2025-06-30,SLV,0.031327644897685435
2025-06-30,HYG,0.011078955590324829
2025-06-30,EEM,0.026303615700971242
2025-06-30,EFA,0.026332358519614317
2025-06-30,SHY,0.004190383333150153
2025-07-31,DBC,0.018553395878115216
2025-07-31,SHY,0.0037069121395732776
2025-07-31,TLT,0.013947400107339454
2025-07-31,EFA,0.014030516808909307
2025-07-31,IEV,0.014797612356863542
2025-07-31,SPY,0.013518817036683603
2025-07-31,EEM,0.013838897605811118
2025-07-31,IBIT,0.03263482261940092
2025-07-31,HYG,0.005975806176903422
2025-07-31,IEF,0.007936384499530904
2025-07-31,GLD,0.02052066148024601
2025-07-31,VNQ,0.016288536472148382
2025-07-31,SLV,0.026623632705783468
2025-08-31,GLD,0.01559258486082383
2025-08-31,IEV,0.015277111970692796
2025-08-31,IEF,0.00779996492371208
2025-08-31,EEM,0.014474134720497635
2025-08-31,SHY,0.004235442978703056
2025-08-31,HYG,0.005760916300399933
2025-08-31,EFA,0.01462635189110027
2025-08-31,SLV,0.023961259601114615
2025-08-31,DBC,0.017570423791848665
2025-08-31,VNQ,0.015621729880692938
2025-08-31,IBIT,0.035806217099517375
2025-08-31,SPY,0.012057801807246036
2025-08-31,TLT,0.013007211319192979
2025-09-30,SPY,0.011421182289699815
2025-09-30,GLD,0.015904147056471182
2025-09-30,IEV,0.014920110870849131
2025-09-30,IEF,0.0077941008928479535
2025-09-30,VNQ,0.015820785753005953
2025-09-30,SHY,0.004580576608319785
2025-09-30,EEM,0.012922023636305874
2025-09-30,HYG,0.006014768397413637
2025-09-30,TLT,0.013190103641743818
2025-09-30,DBC,0.013689617823532962
2025-09-30,EFA,0.014310491738252072
2025-09-30,IBIT,0.03469894451572237
2025-09-30,SLV,0.024480898989134428
2025-10-31,IEF,0.007423321239074125
2025-10-31,IBIT,0.03893090686922986
2025-10-31,IEV,0.01314282000449315
2025-10-31,SLV,0.032984521938369565
2025-10-31,GLD,0.024741881124520415
2025-10-31,EFA,0.013111266398392316
2025-10-31,SHY,0.004640655479153927
2025-10-31,HYG,0.006961128367651126
2025-10-31,DBC,0.01513691436602012
2025-10-31,EEM,0.017641663016844597
2025-10-31,TLT,0.012533340677360557
2025-10-31,VNQ,0.016286739187698254
2025-10-31,SPY,0.013367035496024053
2025-11-30,SPY,0.015460703915754322
2025-11-30,EEM,0.01869362488470129
2025-11-30,IBIT,0.04342344996369178
2025-11-30,IEF,0.0074277842651782715
2025-11-30,SHY,0.004652119525273226
2025-11-30,HYG,0.006923273895003744
2025-11-30,DBC,0.01594315514129361
2025-11-30,EFA,0.01456784223709746
2025-11-30,SLV,0.03835682132509027
2025-11-30,VNQ,0.016093804152392883
2025-11-30,TLT,0.012313351928397389
2025-11-30,IEV,0.014821200631679169
2025-11-30,GLD,0.02626772732382677
2025-12-31,IEV,0.015844754775599122
2025-12-31,HYG,0.007150869861850449
2025-12-31,IBIT,0.04439321669002341
2025-12-31,SLV,0.06262329061995943
2025-12-31,SPY,0.017289023324328707
2025-12-31,DBC,0.017028472110236267
2025-12-31,TLT,0.011624771799537253
2025-12-31,IEF,0.007509825898967879
2025-12-31,EFA,0.015451970537627462
2025-12-31,SHY,0.004693975017069802
2025-12-31,EEM,0.020518349825089342
2025-12-31,GLD,0.0314073514025759
2025-12-31,VNQ,0.015513599808117286
2026-01-31,IBIT,0.04277501846378293
2026-01-31,SHY,0.004909988499529398
2026-01-31,SPY,0.015996273140824958
2026-01-31,VNQ,0.014906669916034237
2026-01-31,TLT,0.011774693583405538
2026-01-31,GLD,0.03876907181271298
2026-01-31,HYG,0.006609863929126478
2026-01-31,IEF,0.007584037685660407
2026-01-31,EFA,0.017368293276444947
2026-01-31,SLV,0.09788871222646053
2026-01-31,DBC,0.019915272623069104
2026-01-31,EEM,0.020694341605144894
2026-01-31,IEV,0.01804642277926051
2026-02-28,HYG,0.0071105237325621885
2026-02-28,VNQ,0.015291924393477369
2026-02-28,DBC,0.02306688866620589
2026-02-28,SPY,0.014885784395003819
2026-02-28,EEM,0.02051459430939581
2026-02-28,IBIT,0.05159246308339376
2026-02-28,TLT,0.012645550205349581
2026-02-28,SLV,0.0986452118870364
2026-02-28,IEF,0.008606746530825493
2026-02-28,SHY,0.006057448842620555
2026-02-28,GLD,0.040747582276406076
2026-02-28,EFA,0.015953822929884627
2026-02-28,IEV,0.016338751000836437
2026-03-31,HYG,0.010388098706294544
2026-03-31,SPY,0.01778578631734746
2026-03-31,SLV,0.0836641413657964
2026-03-31,DBC,0.02583279341254184
2026-03-31,TLT,0.01481433741014121
2026-03-31,GLD,0.0394576489951393
2026-03-31,VNQ,0.017718785499405823
2026-03-31,SHY,0.0077126677471567335
2026-03-31,IEF,0.01064581619637694
2026-03-31,EEM,0.026785687203911765
2026-03-31,EFA,0.021819563920514366
2026-03-31,IEV,0.02178047357476267
2026-03-31,IBIT,0.05256553067612753
2026-04-30,GLD,0.028803829526151244
2026-04-30,IEF,0.012013845593287257
2026-04-30,TLT,0.015044144761396292
2026-04-30,EFA,0.022506904674945483
2026-04-30,HYG,0.011964704927506467
2026-04-30,SLV,0.05446909607446256
2026-04-30,SHY,0.009562467516729069
2026-04-30,IBIT,0.04404595491461474
2026-04-30,EEM,0.027137211160105083
2026-04-30,VNQ,0.01808685498214144
2026-04-30,DBC,0.02376976714477195
2026-04-30,IEV,0.02252437936795479
2026-04-30,SPY,0.01838373386089181
2026-05-31,HYG,0.012802649219225418
2026-05-31,TLT,0.015285572761441064
2026-05-31,EEM,0.025862258672552842
2026-05-31,SHY,0.010549309646338633
2026-05-31,IEF,0.012704106171005073
2026-05-31,IEV,0.021784014317623515
2026-05-31,SPY,0.017582157306375693
2026-05-31,SLV,0.03870998239568267
2026-05-31,IBIT,0.02785983361581439
2026-05-31,DBC,0.02338007978311487
2026-05-31,EFA,0.021430494216399587
2026-05-31,GLD,0.024206120114891302
2026-05-31,VNQ,0.017724151357228015
2026-06-30,GLD,0.022356859777574862
2026-06-30,IEF,0.012572342988132184
2026-06-30,IBIT,0.03005541986499366
2026-06-30,IEV,0.02011710246611468
2026-06-30,VNQ,0.018103867721411284
2026-06-30,SHY,0.010694284918526703
2026-06-30,EFA,0.01978496883574695
2026-06-30,DBC,0.021035132138020177
2026-06-30,SPY,0.01725702884779377
2026-06-30,TLT,0.014565679550934144
2026-06-30,HYG,0.012030518018352615
2026-06-30,EEM,0.027239424627912588
2026-06-30,SLV,0.03702886189272533
2026-07-31,EFA,0.018820226507714605
2026-07-31,HYG,0.01145681960953718
2026-07-31,SHY,0.010289445461965752
2026-07-31,TLT,0.014873592728552796
2026-07-31,SPY,0.01695115409199816
2026-07-31,GLD,0.022795706430694448
2026-07-31,SLV,0.03708022548232855
2026-07-31,DBC,0.02157812648970213
2026-07-31,VNQ,0.018190485455237687
2026-07-31,IEV,0.01884918815310471
2026-07-31,IBIT,0.03149736224201871
2026-07-31,IEF,0.012343827955829733
2026-07-31,EEM,0.028602044544732353
2026-08-31,SPY,0.016720572726896844
2026-08-31,HYG,0.010802170790172247
2026-08-31,IEF,0.012109722953100895
2026-08-31,SHY,0.009959547046551172
2026-08-31,EFA,0.017416050456825833
2026-08-31,EEM,0.027210158196157092
2026-08-31,IEV,0.016777984141748664
2026-08-31,VNQ,0.01791268676380322
2026-08-31,TLT,0.015120107810730556
2026-08-31,GLD,0.024449661507417966
2026-08-31,DBC,0.02072882647342472
2026-08-31,IBIT,0.033958772006372186
2026-08-31,SLV,0.033739444720846806
2026-09-30,SHY,0.009966107252837081
2026-09-30,IEV,0.01576319830322284
2026-09-30,VNQ,0.01644732602968848
2026-09-30,DBC,0.020377823139121194
2026-09-30,GLD,0.0238369607389179
2026-09-30,HYG,0.011098804476657568
2026-09-30,TLT,0.015489931817336558
2026-09-30,SPY,0.015223829951880418
2026-09-30,IEF,0.012420602949700557
2026-09-30,EEM,0.022203699983207495
2026-09-30,EFA,0.016182931204503266
2026-09-30,SLV,0.03154123979362872
2026-09-30,IBIT,0.0334273497108656
