,Price ($),Target %,Target Val ($),Current Shares,Target Shares,Trade (Shares),Trade Action,Trade Val ($)
SPY,769.64,35.0,35000.0,0,45,45,BUY,34633.8
HYG,76.91,5.38,5382.88,0,69,69,BUY,5306.79
EFA,103.96,6.4,6398.42,0,61,61,BUY,6341.56
EEM,67.67,11.34,11340.74,0,167,167,BUY,11300.89
TLT,77.48,0.0,0.0,0,0,0,HOLD,0.0
GLD,380.14,14.4,14399.17,0,37,37,BUY,14065.18
SLV,54.74,4.51,4514.58,0,82,82,BUY,4488.68
DBC,32.54,0.77,772.1,0,23,23,BUY,748.42
VNQ,89.5,11.55,11547.08,0,129,129,BUY,11545.5
IEV,70.8,0.0,0.0,0,0,0,HOLD,0.0
IEF,89.05,0.0,0.0,0,0,0,HOLD,0.0
SHY,81.05,0.0,0.0,0,0,0,HOLD,0.0
IBIT,47.73,10.65,10645.01,0,223,223,BUY,10643.79
