Ticker,SPY,HYG,EFA,EEM,TLT,GLD,SLV,DBC,VNQ,IEV,IEF,SHY
SPY,0.00011575911235759048,4.2469100384672616e-05,0.0001069241289158507,0.00011443777680355123,-2.8479094741742195e-05,8.16485615961412e-06,5.0086041378153055e-05,4.364824368086799e-05,0.00010205588425181952,0.00011260224604094,-1.0994149680221114e-05,-9.503197939629111e-07
HYG,4.2469100384672616e-05,2.6585785947779054e-05,4.3994542558725905e-05,4.7241361694002796e-05,-4.525167314243187e-06,7.1178243788522346e-06,2.4240197501490753e-05,2.001166317867656e-05,4.5091623896113584e-05,4.7020517408809476e-05,-5.569926272586432e-07,4.002717814834367e-07
EFA,0.0001069241289158507,4.3994542558725905e-05,0.00013415874403528968,0.00013415302791530028,-2.9291142741583362e-05,2.0362058911779852e-05,7.37197828585789e-05,5.105010644228964e-05,0.0001014092251818514,0.0001433347315642737,-1.0477498078822691e-05,-5.202923691544095e-07
EEM,0.00011443777680355123,4.7241361694002796e-05,0.00013415302791530028,0.00018690526837467658,-2.928866931142008e-05,2.9900187968938403e-05,9.585290110364177e-05,6.144643631958924e-05,0.00010281288180086113,0.00014024836762287378,-1.0522224701829861e-05,-5.008068057957317e-07
TLT,-2.8479094741742195e-05,-4.525167314243187e-06,-2.9291142741583362e-05,-2.928866931142008e-05,8.805340943775328e-05,2.0596355067117344e-05,1.138647857744439e-05,-2.306471208724513e-05,-1.0228346334702429e-05,-3.2638516951354745e-05,3.5538070080426045e-05,4.489130686480038e-06
GLD,8.16485615961412e-06,7.1178243788522346e-06,2.0362058911779852e-05,2.9900187968938403e-05,2.0596355067117344e-05,0.00011251145184477882,0.0001704212118391031,3.509023284651015e-05,1.5386899407121725e-05,2.0862403009223823e-05,1.2125610296033084e-05,2.6530013790202393e-06
SLV,5.0086041378153055e-05,2.4240197501490753e-05,7.37197828585789e-05,9.585290110364177e-05,1.138647857744439e-05,0.0001704212118391031,0.0004131043524091802,8.753945799568186e-05,5.4978139817582386e-05,7.80865708168003e-05,9.617748628508048e-06,2.852322382401455e-06
DBC,4.364824368086799e-05,2.001166317867656e-05,5.105010644228964e-05,6.144643631958924e-05,-2.306471208724513e-05,3.509023284651015e-05,8.753945799568186e-05,0.00012097374359857223,3.768022214459164e-05,5.44773225172335e-05,-8.844007145263153e-06,-1.0206832873468107e-06
VNQ,0.00010205588425181952,4.5091623896113584e-05,0.0001014092251818514,0.00010281288180086113,-1.0228346334702429e-05,1.5386899407121725e-05,5.4978139817582386e-05,3.768022214459164e-05,0.00016475002818468616,0.00010791762098155229,-1.7221194743716892e-06,6.86696716167579e-07
IEV,0.00011260224604094,4.7020517408809476e-05,0.0001433347315642737,0.00014024836762287378,-3.2638516951354745e-05,2.0862403009223823e-05,7.80865708168003e-05,5.44773225172335e-05,0.00010791762098155229,0.0001595371885474735,-1.1791202945219763e-05,-6.37464372347714e-07
IEF,-1.0994149680221114e-05,-5.569926272586432e-07,-1.0477498078822691e-05,-1.0522224701829861e-05,3.5538070080426045e-05,1.2125610296033084e-05,9.617748628508048e-06,-8.844007145263153e-06,-1.7221194743716892e-06,-1.1791202945219763e-05,1.7131362801917976e-05,2.6749184466202778e-06
SHY,-9.503197939629111e-07,4.002717814834367e-07,-5.202923691544095e-07,-5.008068057957317e-07,4.489130686480038e-06,2.6530013790202393e-06,2.852322382401455e-06,-1.0206832873468107e-06,6.86696716167579e-07,-6.37464372347714e-07,2.6749184466202778e-06,7.14165250927395e-07
