Ticker,SPY,HYG,EFA,EEM,TLT,GLD,SLV,DBC,VNQ,IEV,IEF,SHY,IBIT
SPY,9.554623541490787e-05,2.266815403335521e-05,7.193620556414818e-05,8.483496387359767e-05,9.770329297796553e-06,2.5611412243357383e-05,7.952870383477597e-05,9.88043123139113e-06,4.9401182621073825e-05,6.638602138619893e-05,2.517306947037015e-06,4.702520244587521e-07,0.00012322458191686461
HYG,2.266815403335521e-05,8.897926112855549e-06,2.1341718563039943e-05,2.3016324596802055e-05,1.0542464276035474e-05,9.604238339545192e-06,2.016017801481779e-05,6.269766604754998e-07,1.941636109825373e-05,2.0315799910192234e-05,5.003723753019556e-06,1.1823368870299718e-06,3.172165365341486e-05
EFA,7.193620556414818e-05,2.1341718563039943e-05,9.508776328291575e-05,9.901213923976544e-05,1.9424569165695083e-05,5.291855812003262e-05,0.00011825652359272479,2.52492814496688e-06,5.312091028677355e-05,9.309735047478936e-05,9.429466040758084e-06,2.348254760500234e-06,9.910841259578864e-05
EEM,8.483496387359767e-05,2.3016324596802055e-05,9.901213923976544e-05,0.00016549790336327445,1.7028538310725968e-05,7.409132700473253e-05,0.00017134762591176848,1.1578748644977042e-05,3.988934713151256e-05,9.307004883201774e-05,8.476522567709673e-06,2.3672870364110983e-06,0.00013645879589290147
TLT,9.770329297796553e-06,1.0542464276035474e-05,1.9424569165695083e-05,1.7028538310725968e-05,5.978407513796857e-05,1.412280026508904e-05,1.3938167134885778e-05,-1.8273365692013373e-05,3.131746665434709e-05,2.0296450109741424e-05,2.6493769212337566e-05,4.974328551722244e-06,7.369445644180398e-07
GLD,2.5611412243357383e-05,9.604238339545192e-06,5.291855812003262e-05,7.409132700473253e-05,1.412280026508904e-05,0.00019763834029337912,0.0003216772868939358,4.407137431808086e-05,2.3156357239717842e-05,5.154609962885702e-05,1.0937637583540962e-05,3.585659774476679e-06,7.66045565588267e-05
SLV,7.952870383477597e-05,2.016017801481779e-05,0.00011825652359272479,0.00017134762591176848,1.3938167134885778e-05,0.0003216772868939358,0.0008345736681898943,9.536792369850463e-05,4.343882129660848e-05,0.00011541998052003233,1.0886762014348023e-05,3.921589301142254e-06,0.00020116125350197483
DBC,9.88043123139113e-06,6.269766604754998e-07,2.52492814496688e-06,1.1578748644977042e-05,-1.8273365692013373e-05,4.407137431808086e-05,9.536792369850463e-05,0.00011843880087872295,-3.1425525354579218e-06,-3.3490778353868805e-07,-1.0237044918610246e-05,-2.523992111314093e-06,2.6900613251188766e-05
VNQ,4.9401182621073825e-05,1.941636109825373e-05,5.312091028677355e-05,3.988934713151256e-05,3.131746665434709e-05,2.3156357239717842e-05,4.343882129660848e-05,-3.1425525354579218e-06,0.00010031399677296881,5.379916329673783e-05,1.473751552213652e-05,3.4389059363755165e-06,6.807960268418355e-05
IEV,6.638602138619893e-05,2.0315799910192234e-05,9.309735047478936e-05,9.307004883201774e-05,2.0296450109741424e-05,5.154609962885702e-05,0.00011541998052003233,-3.3490778353868805e-07,5.379916329673783e-05,9.703997657326109e-05,9.938740186975772e-06,2.485634070567808e-06,9.485975409946944e-05
IEF,2.517306947037015e-06,5.003723753019556e-06,9.429466040758084e-06,8.476522567709673e-06,2.6493769212337566e-05,1.0937637583540962e-05,1.0886762014348023e-05,-1.0237044918610246e-05,1.473751552213652e-05,9.938740186975772e-06,1.3898090572453032e-05,3.154839241910404e-06,-1.981969508455421e-06
SHY,4.702520244587521e-07,1.1823368870299718e-06,2.348254760500234e-06,2.3672870364110983e-06,4.974328551722244e-06,3.585659774476679e-06,3.921589301142254e-06,-2.523992111314093e-06,3.4389059363755165e-06,2.485634070567808e-06,3.154839241910404e-06,9.733148246479796e-07,-6.958944172844663e-07
IBIT,0.00012322458191686461,3.172165365341486e-05,9.910841259578864e-05,0.00013645879589290147,7.369445644180398e-07,7.66045565588267e-05,0.00020116125350197483,2.6900613251188766e-05,6.807960268418355e-05,9.485975409946944e-05,-1.981969508455421e-06,-6.958944172844663e-07,0.0009516493296243083
